,loss,mae,mse
0,0.18929554522037506,0.4314553141593933,0.18929554522037506
